"Reference","Value","Datasheet","Footprint","Description","Qty","DNP","Manufacturer_Name","Manufacturer_Part_Number","Generic","Supplier link"
"U502","YT-35636","~","Footprints:YT-35636","Power Line Communication Transformer YT-35636 (292877)","1","","Codico","292877","No","https://www.codico.com/en/yt-35636-292877"
"U501","LM321","http://www.ti.com/lit/ds/symlink/lm321.pdf","Package_TO_SOT_SMD:SOT-23-5","Low Power Single Operational Amplifier, SOT-23-5","1","","Texas Instruments","LM321LVIDCKR","No","https://www.mouser.dk/ProductDetail/STMicroelectronics/LMV321LILT?qs=0PAMiCYhSzEO4kUYl9lr1Q%3D%3D&utm_id=6470902274&gad_source=1&gclid=Cj0KCQjw2ou2BhCCARIsANAwM2EDHUVLRaBVzHkIVj_NVgf8Y2ee4migyxcTDRlYx_w_aOXM2BapV_saAs9bEALw_wcB&_gl=1*7962dl*_ga*MTQxMzM5MDY1NS4xNzI0MDY1NjI0*_ga_15W4STQT4T*MTcyNDA2NTYyNC4xLjAuMTcyNDA2NTYyOC41Ni4wLjA."
"U401,U402,U403","ADC081C021CIMM","http://www.ti.com/lit/ds/symlink/adc081c021.pdf","Package_SO:MSOP-8_3x3mm_P0.65mm","IC ADC 8BIT SAR 8VSSOP","3","","Texas Instruments","ADC081C021CIMM/NOPB","No","https://www.digikey.dk/en/products/detail/texas-instruments/ADC081C021CIMM-NOPB/2092941"
"U209","LT1054CSW-PBF","LT1054CSW-PBF","Footprints:SO-16_SW_LIT","IC REG CHARG PUMP INV 16SOIC","1","","Analog Devices Inc.","LT1054CSW#PBF","No","https://www.digikey.dk/en/products/detail/analog-devices-inc/LT1054CSW-PBF/889554"
"U203,U204,U205,U206,U207,U208","ADG417BR","https://www.analog.com/media/en/technical-documentation/data-sheets/ADG417.pdf","Package_SO:SOIC-8_3.9x4.9mm_P1.27mm","Single SPST Monolithic LC²MOS Analog Switch, normally OFF, 35Ohm Ron, SOIC-8","6","","Analog Devices Inc.","ADG417BR","No","https://www.digikey.dk/en/products/detail/analog-devices-inc/ADG417BR/612264"
"U201","LF353","~","Footprints:SOIC127P599X175-8N","IC OPAMP GP 2 CIRCUIT 8SOIC","1","","Texas Instruments","LF353MX/NOPB","No","https://www.digikey.dk/en/products/detail/texas-instruments/LF353MX-NOPB/334933"
"RV301","B72214S0351K101","~","Footprints:VAR_B72214S0131K101","VARISTOR DISC 14MM","1","","EPCOS - TDK Electronics","B72214S0351K101","No","https://www.digikey.dk/en/products/detail/epcos-tdk-electronics/B72214S0351K101/3500928?s=N4IgTCBcDaIEIHYxgIwBYDKAGAzAVhQGkUsUQBdAXyA"
"R508","820k 1/3W","~","Resistor_SMD:R_0805_2012Metric","820K OHM 1% 1/3W 0805","1","","~ ","~ ","Yes","~ "
"R507","39k 1%","~","Resistor_SMD:R_0402_1005Metric","39K OHM 1% 1/16W 0402","1","","~ ","~ ","Yes","~ "
"R506","100R 1%","~","Resistor_SMD:R_0402_1005Metric","100 OHM 1% 1/16W 0402","1","","~ ","~ ","Yes","~ "
"R502,R503,R504","0R","~","Resistor_SMD:R_0402_1005Metric","0R  1/16W 0402","3","","~ ","~ ","Yes","~ "
"R305","13k 1%","~","Resistor_SMD:R_0402_1005Metric","13K OHM 1% 1/16W 0402","1","","~ ","~ ","Yes","~ "
"R304","40k2 1%","~","Resistor_SMD:R_0402_1005Metric","40.2K OHM 1% 1/16W 0402","1","","~ ","~ ","Yes","~ "
"R303,R306","10R 1%","~","Resistor_SMD:R_0402_1005Metric","10 OHM 1% 1/16W 0402","2","","~ ","~ ","Yes","~ "
"R302","47k 1%","~","Resistor_SMD:R_0402_1005Metric","47K OHM 1% 1/16W 0402","1","","~ ","~ ","Yes","~ "
"R301","6R8","~","Footprints:RESM17073X710N","SMQW3W 6R8 5%","1","","TE Connectivity Passive Product","SMQW36R8JT","No","https://www.digikey.dk/en/products/detail/te-connectivity-passive-product/SMQW36R8JT/21316478"
"R223","1K3 1%","~","Resistor_SMD:R_0402_1005Metric","1300 OHM 1% 1/16W 0402","1","","~ ","~ ","Yes","~ "
"R222","2K74 1%","~","Resistor_SMD:R_0402_1005Metric","2.74K OHM 1% 1/16W 0402","1","","~ ","~ ","Yes","~ "
"R221","1k  5%","~","Resistor_SMD:R_0805_2012Metric","~ ","1","DNP","~ ","~ ","~ ","~ "
"R212","220R 1%","~","Resistor_SMD:R_1210_3225Metric","220 OHM 1% 1/2W 1210","1","","~ ","~ ","Yes","~ "
"R210","82k 1%","~","Resistor_SMD:R_0402_1005Metric","82K OHM 1% 1/16W 0402","1","","~ ","~ ","Yes","~ "
"R209","240k 1%","~","Resistor_SMD:R_0402_1005Metric","240K OHM 1% 1/16W 0402","1","","~ ","~ ","Yes","~ "
"R207","56k 1%","~","Resistor_SMD:R_0402_1005Metric","56K OHM 1% 1/16W 0402","1","","~ ","~ ","Yes","~ "
"R202,R204,R307","100k 1%","~","Resistor_SMD:R_0402_1005Metric","100K OHM 1% 1/16W 0402","3","","~ ","~ ","Yes","~ "
"R109","100k 1%","~","Resistor_SMD:R_0402_1005Metric","~ ","1","DNP","~","~ ","~","~ "
"R108","0R","~","Resistor_SMD:R_0402_1005Metric","~ ","1","DNP","~ ","~ ","~ ","~ "
"R107,R110,R201,R205,R211,R214,R216,R219,R403,R404,R405","5k1 5%","~","Resistor_SMD:R_0402_1005Metric","5.1K OHM 5% 1/16W 0402","11","","~ ","~ ","Yes","~ "
"R104,R105,R106,R208,R401,R406","1k 1%","~","Resistor_SMD:R_0402_1005Metric","1K OHM 1% 1/16W 0402","6","","~ ","~ ","Yes","~ "
"R101,R102,R103,R203,R206,R213,R215,R217,R218,R220,R402,R407,R501,R505","10k 1%","~","Resistor_SMD:R_0402_1005Metric","10K OHM 1% 1/16W 0402","14","","~ ","~ ","Yes","~ "
"Q501","HMHA281","https://www.onsemi.com/pub/Collateral/HMHA2801B-D.PDF","Footprints:HMHA281","Transistor Output Optocouplers Optocoupler Phototransistor","1","","onsemi","HMHA281","No","https://www.digikey.dk/en/products/detail/onsemi/HMHA281/1051345"
"Q101,Q103,Q201,Q202,Q203,Q204,Q205,Q206,Q208","MMBT2222A","~","Package_TO_SOT_SMD:SOT-23","BJT SOT-23 40V 600MA","9","","Diotec Semiconductor","MMBT2222A","No","https://www.digikey.dk/en/products/detail/diotec-semiconductor/MMBT2222A/13163394"
"PS303","R-78K5.0-2.0","https://recom-power.com/pdf/Innoline/R-78K-2.0.pdf","Footprints:R78K5020","2.0 Amp SIP3 Single Output","1","","RECOM Power","R-78K5.0-2.0","No","https://www.mouser.dk/ProductDetail/RECOM-Power/R-78K50-20?qs=Jm2GQyTW%2FbifTVVCmPYVtA%3D%3D&utm_id=6470902274&gad_source=1&gclid=CjwKCAjw_ZC2BhAQEiwAXSgClgrOUoYporeRheoaApL8g4-1g_y3gxGQOfQbuTzxR5M2tbHvUGwr1hoCF0wQAvD_BwE"
"PS301","LD15-23B12R2","~","Footprints:CONV_LD15-23B12R2","AC/DC PCB Mount Power Supply (PSU), 100 to 430VDC, ITE, Household & Medical, 1 Output, 15 W, 12 VDC","1","","MULTICOMP PRO","MP-LD15-23B12R2","No","https://dk.farnell.com/multicomp-pro/mp-ld15-23b12r2/power-supply-ac-dc-12v-1-25a/dp/3583999?pf_custSiteRedirect=true"
"M101","BD6231F-E2","https://componentsearchengine.com/Datasheets/2/BD6231F-E2.pdf","Footprints:SOIC127P620X160-8N","H-Bridge motor driver,36V,1A,SOP8 ROHM BD6231F-E2 Full Bridge Motor Driver 1A, 8-Pin SOP","1","","ROHM Semiconductor","BD6231F-E2","No","https://www.digikey.dk/en/products/detail/rohm-semiconductor/BD6231F-E2/1739147?s=N4IgTCBcDaIEIBEBsYDMBGAYgWgKIQF0BfIA"
"L302","HER4027","~","HER4027-100M:HER4027-100M","HER4027-100M-R","1","","SAGAMI","269533","No","https://www.codico.com/en/her4027-100m-r"
"L301","MPI40","~","MPI40_Inductor:MPI40_Inductor","MPIA4015V2-R22-R","1","","EATON ELECTRONICS","289754","No","https://www.codico.com/en/mpia4015v2-r22-r"
"L201","220u","~","Inductor_SMD:L_1210_3225Metric","FIXED IND 220UH 100MA 10.9OHM SM","1","","EPCOS - TDK Electronics","B82422H1224K000","No","https://www.digikey.com/en/products/detail/epcos-tdk-electronics/B82422H1224K000/1243410"
"J112,J114","SM03B-GHS-TB","~","Connector_JST:JST_GH_SM03B-GHS-TB_1x03-1MP_P1.25mm_Horizontal","CONN HEADER SMD R/A 3POS 1.25MM","2","","JST Sales America Inc.","SM03B-GHS-TB","Yes","https://www.digikey.dk/en/products/detail/jst-sales-america-inc/sm03b-ghs-tb/807787"
"J110","61004021821","~","Connector_PinSocket_2.54mm:PinSocket_2x20_P2.54mm_Vertical_SMD","WR-PHD 2.54 MM DUAL SMT SOCKET H","1","","Würth Elektronik","61004021821","Yes","https://www.digikey.dk/en/products/detail/w%C3%BCrth-elektronik/61004021821/17737793?s=N4IgTCBcDaIGwEYAMSAsSwIByZAXQF8g"
"J109","BM08B-GHS-TBT","~","Connector_JST:JST_GH_BM08B-GHS-TBT_1x08-1MP_P1.25mm_Vertical","CONN HEADER SMD 8POS 1.25MM","1","","JST Sales America Inc.","BM08B-GHS-TBT","Yes","https://www.digikey.dk/en/products/detail/jst-sales-america-inc/BM08B-GHS-TBT/807806?s=N4IgTCBcDaIEIFkAMAOOBaA4gCQMroBU4CQBdAXyA"
"J105,J106,J108","BM02B-GHS-TBT","~","Connector_JST:JST_GH_BM02B-GHS-TBT_1x02-1MP_P1.25mm_Vertical","CONN HEADER SMD 2POS 1.25MM","3","","JST Sales America Inc.","BM02B-GHS-TBT","Yes","https://www.digikey.dk/en/products/detail/jst-sales-america-inc/BM02B-GHS-TBT/807800"
"J103","SM02B-PASS-TBT","~","Footprints:JST_SM02B-PASS-TBT_LF__SN_","CONN HEADER SMD R/A 2POS 2MM","1","","JST Sales America Inc.","SM02B-PASS-TBT","Yes","https://www.digikey.dk/en/products/detail/jst-sales-america-inc/sm02b-pass-tbt/1788574"
"J101,J102,J104,J107,J111,J113","1412410000","https://catalog.weidmueller.com/catalog/Start.do;jsessionid=2545CA0BAB23962A974316635BA0C98D?ObjectID=1412410000&page=Product","Footprints:1412410000","Printed circuit board terminals, 3.50 mm, Number of poles: 2, 90, black, PUSH IN with actuator, Clamping range, max. [rated connection]: 1.5 mm, Tape","6","","Weidmuller","1412410000","No","https://eu.mouser.com/ProductDetail/Weidmuller/1412410000?qs=WJDKaGZ8K%252B4z3kQbFrn6wA%3D%3D&srsltid=AfmBOorh66qWsfBgkePvDYKEEFYntbjig9Grx_b1HJBD9Gbuldz-YGFh"
"IC301","MP1479GTF-Z","https://www.mouser.jp/datasheet/2/277/MP1479-1578710.pdf","Footprints:MP1479GTFZ","Switching Voltage Regulators 1A, 3.9-18V, 800kHz, High-Efficiency, Synchronous, Step-Down Converter In SOT 563.,vin","1","","Monolithic Power Systems (MPS)","MP1479GTF-Z","No","https://www.digikey.dk/en/products/detail/monolithic-power-systems-inc/MP1479GTF-Z/18089864?s=N4IgTCBcDaILIAUCMAWA7ATgOIBUBiAtAFogC6AvkA"
"IC201","TC1044SCOA","https://datasheet.datasheetarchive.com/originals/distributors/Datasheets-18/DSA-359983.pdf","Footprints:SOIC127P600X175-8N","IC REG CHARG PUMP INV 20MA 8SOIC","1","","Microchip Technology","TC1044SCOA","No","https://www.digikey.dk/en/products/detail/microchip-technology/TC1044SCOA/442741"
"H101,H102,H103,H104","MH","~","-- mixed values --","~ ","4","","~ ","~ ","~ ","~ "
"F101","3.15A","~","SS-5H-3.15A-APH:SS5H315AAPH","FUSE BRD MNT 3.15A 300VAC RADIAL","1","","Eaton - Electronics Division","SS-5H-3.15A-APH","No","https://www.digikey.dk/en/products/detail/eaton-electronics-division/SS-5H-3-15A-APH/3719665?s=N4IgTCBcDaIMpwLQFYASiDMA6AjMggovgAqogC6AvkA"
"D502","SM4007PL","~","Diode_SMD:D_SOD-123F","DIODE GEN PURP 1KV 1A SOD123FL","1","","Micro Commercial Co","SM4007PL-TP","No","https://www.digikey.dk/en/products/detail/micro-commercial-co/SM4007PL-TP/1793250"
"D501","GBLC03C","~","Diode_SMD:D_SOD-323","TVS DIODE 3VWM 7.0VC SOD323","1","","MDD","GBLC03C","No","https://www.digikey.dk/en/products/detail/nextgen-components/GBLC03C/15648912"
"D301","SMBJ20A","https://www.vishay.com/docs/88301/15ke.pdf","Footprints:DIOM5436X261N","TVS DIODE 20VWM 32.4VC DO214AA","1","","Littelfuse Inc.","SMBJ20A","Yes","https://www.digikey.dk/en/products/detail/littelfuse-inc/SMBJ20A/285988"
"D202","1N4934","http://www.vishay.com/docs/88503/1n4001.pdf","Diode_THT:D_DO-41_SOD81_P7.62mm_Horizontal","DIODE GEN PURP 100V 1A DO204AC","1","","Diotec Semiconductor","1N4934","Yes","https://www.digikey.dk/en/products/detail/diotec-semiconductor/1N4934/22193179"
"D106,D201","GBLC12C","~","Diode_SMD:D_SOD-323","TVS DIODE 12V   VBR MIN 13.3V SO","2","","ANBON SEMICONDUCTOR (INT'L) LIMITED","GBLC12C","No","https://www.digikey.dk/en/products/detail/anbon-semiconductor-int-l-limited/GBLC12C/21774386"
"D104,D105","1N4148W","https://www.vishay.com/docs/85748/1n4148w.pdf","Diode_SMD:D_SOD-123F","DIODE GEN PURP 75V 0.15A SOD123F","2","","Diotec Semiconductor","1N4148W","No","https://www.digikey.dk/en/products/detail/diotec-semiconductor/1N4148W/18833653"
"D101,D102,D103","RED","~","LED_SMD:LED_0402_1005Metric","CLEAR RED LED","3","","Lite-On Inc.","LTST-C171KRKT","Yes","https://www.digikey.dk/en/products/detail/liteon/LTST-C171KRKT/386801?s=N4IgTCBcDaIDIBUDKCC0BhAjAdkwaQCU8EQBdAXyA"
"C512","2n2 1kV","~","Capacitor_SMD:C_0805_2012Metric","0805 2.2NF 1000V X7R 10%","1","","~","~","Yes","~ "
"C510","220n","~","Capacitor_SMD:C_0805_2012Metric","220n 100V X7R 0805","1","","~","~","Yes","~ "
"C509,C511","2n2 2kV","~","Capacitor_SMD:C_1206_3216Metric","1206 2.2n 2000V X7R 10%","2","","~","~","Yes","~ "
"C403,C406,C409","4u7","~","Capacitor_SMD:C_0402_1005Metric","4.7u 25V X5R 0805","3","","~","~","Yes","~ "
"C401,C404,C407","470p","~","Capacitor_SMD:C_0402_1005Metric","470p 50V X7R 0402","3","","~","~","Yes","~ "
"C316","22u TANT","~","Footprints:CAPPM7343X310N","CAP TANT 22UF 10% 35V 2917","1","","KEMET","T495X226K035ATE300","Yes","https://www.digikey.com/en/products/detail/kemet/T495X226K035ATE300/12546465"
"C313","10p","~","Capacitor_SMD:C_0402_1005Metric","10p 50V C0G/NP0 0402","1","","~","~","Yes","~ "
"C308,C317,C504,C508","1u","~","Capacitor_SMD:C_0402_1005Metric","1u 25V X7R 0402","4","","~","~","Yes","~ "
"C306","150u","~","6TPE150MAZB:POSCAP_B1_B1S_B1G_B15G_B2_B2S","CAP TANT POLY 150UF 6.3V 1411","1","","Panasonic Electronic Components","6TPE150MAZB","No","https://www.digikey.dk/en/products/detail/panasonic-electronic-components/6TPE150MAZB/4146618?s=N4IgTCBcDaIGwBUAKBRAjAVgAwFkCCAWgEIgC6AvkA"
"C305,C311,C312,C319,C503","22u","~","Capacitor_SMD:C_0805_2012Metric","22u X5R 16V 0805","5","","~","~","Yes","~ "
"C302,C304,C314,C501","1u 0805","~","Capacitor_SMD:C_0805_2012Metric","1u X7R 25V 0805","4","","~","~","Yes","~ "
"C301","10u 20% 16V","~","EEE-1CA100SR:EEE1AA220WR","CAP ALUM 10UF 20% 16V SMD","1","","Panasonic Electronic Components","EEE-1CA100SR ","No","https://www.digikey.dk/en/products/detail/panasonic-electronic-components/eee-1ca100sr/766045"
"C208,C506","1n","~","Capacitor_SMD:C_0402_1005Metric","1n X7R 50V 0402","2","","~","~","Yes","~ "
"C206,C207","100uF","~","Footprints:T491C","Tantalum Capacitors - Solid SMD 16V 100uF 2312 10% ESR=1ohms","2","","KEMET","T491C107K016AT","No","https://www.mouser.dk/ProductDetail/KEMET/T491C107K016AT?qs=Si2vDv5E4YMke5HCn79NYA%3D%3D&utm_id=6470902274&gad_source=1&gclid=Cj0KCQjw2ou2BhCCARIsANAwM2GvRkLfeTlOYk80bMiiaa6OgjVezRx5l4yYKEyclu1Z7LAdbxLqIdYaAjSHEALw_wcB"
"C204","2uF","~","Capacitor_SMD:C_2220_5750Metric","CAP CER 2UF 200V X7R 2220","1","","KEMET","C2220C205K2RLC7800","Yes (better or equivalent)","https://www.digikey.dk/en/products/detail/kemet/C2220C205K2RLC7800/16266383"
"C103,C201,C202,C309,C310,C318","10u","~","Capacitor_SMD:C_0805_2012Metric","10u X7R 16V 0805","6","","~","~","Yes","~ "
"C101,C102,C104,C203,C205,C209,C210,C211,C212,C213,C214,C215,C216,C217,C218,C219,C220,C303,C307,C315,C402,C405,C408,C502,C505,C507","100n","~","Capacitor_SMD:C_0402_1005Metric","100n X7R 25V 0402","26","","~","~","Yes","~ "
"A501","RED-BEET_2.0","~","Footprints:RED-BEET_2.0","RED-BEET-E 2.0 SPI (EVSE) Module - SPI pre-configured","1","","Codico","317986","No","https://www.codico.com/de/red-beet-e-2-0-evse-module"
